{
	"type": "Database",
	"description": "Apache Cassandra is an open source distributed database management system designed to handle large amounts of data across many commodity servers, providing high availability with no single point of failure. Cassandra offers robust support for clusters spanning multiple datacenters, with asynchronous masterless replication allowing low latency operations for all clients.",
	"additional_info": {
		"imageName":"cassandra",
		"ports":[{"port":9042,"type":"tcp"}]
	},
	"versions": [{
		"version": "3.11.7"
	}]
	}