{
	"type": "Database",
	"description": "MySQL is the world''s most popular open source database. With its proven performance, reliability and ease-of-use, MySQL has become the leading database choice for web-based applications, covering the entire range from personal projects and websites, via e-commerce and information services, all the way to high profile web properties including Facebook, Twitter, YouTube, Yahoo! and many more.",
	"additional_info": {
		"imageName":"mysql",
		"ports":[{"port":3306,"type":"tcp"}],
		"envs":[{"label":"password","key":"MYSQL_ROOT_PASSWORD"}]
	},
	"versions": [{
		"version": "5.7.31"
	}]
}